Year,Accidents,Fatalities
1996,23775,2157
1997,24295,2105
1998,24819,2182
1999,24231,2116
2000,23001,2037
2001,19671,1880
2002,16809,1634
2003,15751,1605
2004,15547,1670
2005,16914,1658
2006,16019,1657
2007,15499,1612
2008,15083,1553
2009,14789,1456
2010,15032,1258
2011,13849,1141
2012,12398,988
2013,12109,879
2014,11620,795
2015,11440,793
2016,11318,824
2017,10848,731
2018,10737,700
2019,10712,688
2020,9083,584
2021,10454,624
2022,10487,654
